"url","retrieved_at","http_status","sha256","bytes","cache_path"
"https://circleresearcharchive.com/mast/the-database/","2026-07-21T06:41:14Z","200","a3a08ddaedaeb492cb6b7ef4a30ad902c36d68a65547b7b70d5ff6aa5feb63b9","121892","discovery/circle-research-archive.html"
"https://cropcircleconnector.com/2014/2014.html","2026-07-21T06:41:14Z","200","b7e52ffb3bf8b223a44ff2cca9c712b1b6920d3f0bdccc565660a25923e085f8","16630","connector/2014/index.html"
"https://cropcircleconnector.com/2015/2015.html","2026-07-21T06:41:14Z","200","01f1eab09746bf4a7e40774498a2304a7b657054f7509c0ea663291155da9a15","18061","connector/2015/index.html"
"https://cropcircleconnector.com/2016/2016.html","2026-07-21T06:41:14Z","200","c28ef6ef62fbd3dc9f5541e7732cdd44fbced6d2f93ecdf3a677d72c047ff108","16024","connector/2016/index.html"
"https://cropcircleconnector.com/2017/2017.html","2026-07-21T06:41:14Z","200","2e3ed1e28847f5849cff24c082d991c47d9a24f794818015061bad0721978c74","17567","connector/2017/index.html"
"https://cropcircleconnector.com/2018/2018.html","2026-07-21T06:41:14Z","200","ced021d0cda9b6bf75e7ca38a6d3a8832f38ee001be222b315ac2e1aa295b9ef","17547","connector/2018/index.html"
"https://cropcircleconnector.com/2019/2019.html","2026-07-21T06:41:14Z","200","af17addd0ed828c46c111d0bb19697b9c701ade90028837b8faadee7a73ffb71","17631","connector/2019/index.html"
"https://cropcircleconnector.com/2020/2020.html","2026-07-21T06:41:14Z","200","2452ebcbfdac9579b50d9b403bae6b7d2a6bd63d76dedb50f6ade5cf15524cac","17313","connector/2020/index.html"
"https://cropcircleconnector.com/2021/2021.html","2026-07-21T06:41:14Z","200","24b4490e435dda6a5827d9b5c7abd3ad95dd843ae5301fb44ec15a1cf4ac7c05","17370","connector/2021/index.html"
"https://cropcircleconnector.com/2022/2022.html","2026-07-21T06:41:14Z","200","204db318574851f9c0d5751a3ad14dae9593f766d2471028a991264b12890ace","15976","connector/2022/index.html"
"https://cropcircleconnector.com/2023/2023.html","2026-07-21T06:41:14Z","200","4d79dffbbc809d433a6ab70e72d11b46c60ba1d39050ed68430d778af2aa7200","14148","connector/2023/index.html"
"https://cropcircleconnector.com/2024/2024.html","2026-07-21T06:41:14Z","200","9eb2fc442eda423911f0a00aaa8897223c0886391bdc79f7853b97e2f800b6f4","14452","connector/2024/index.html"
"https://cropcircleconnector.com/2025/2025.html","2026-07-21T06:41:14Z","200","2d73700844d566d2d305920f92dbc46b5b99a63338bdf64b745bdc1127ddb263","12686","connector/2025/index.html"
"https://cropcircleconnector.com/2026/2026.html","2026-07-21T06:41:14Z","200","f3dc17429272d7a5aadcc68bf61182fde01ee7a0c76e36175a228fd4bc0f8f80","15262","connector/2026/index.html"
"https://cropdecoder.com/","2026-07-21T06:41:14Z","200","d67d6413a4371867bc82f95ff98f52245968a5bd28a8c8e5048756636f236dff","369649","discovery/cropdecoder.html"
"https://download.geonames.org/export/dump/admin1CodesASCII.txt","2026-07-21T06:41:14Z","200","34784457b76b988a669dff7c3e4b104e4902c0875643cff019281ac79dfa2992","151572","geonames/admin1CodesASCII.txt"
"https://download.geonames.org/export/dump/cities500.zip","2026-07-21T06:41:14Z","200","1c347ee2feacad236586c52effef01828b8c9dcdbdca2a2c7fa943d9fd0f9f6c","13501512","geonames/cities500.zip"
"https://download.geonames.org/export/dump/countryInfo.txt","2026-07-21T06:41:14Z","200","93bafc525813f22e4711ff9ed6d626343094ce48c26388dc7c49189b3d7d5512","31678","geonames/countryInfo.txt"
"https://download.geonames.org/export/dump/US.zip","2026-07-21T06:41:14Z","200","6269f4cc77a0b4ee92253c6c81ae5c71b85be48d848d8f8997c2122e849afd42","70945908","geonames/US.zip"
"https://iccra.org/byyear/ICCRA_1952.htm","2026-07-21T06:41:14Z","200","76c72d28c78a94500faba8e2d666e7f894f93ff26f4b17c5550a8a65ca0ea2b5","5157","iccra/byyear/ICCRA_1952.htm"
"https://iccra.org/byyear/ICCRA_1955.htm","2026-07-21T06:41:14Z","200","ea574e1f6b19693f06263f39a8f0e391cf79b181404dd114656e86819f84ba03","4518","iccra/byyear/ICCRA_1955.htm"
"https://iccra.org/byyear/ICCRA_1957.htm","2026-07-21T06:41:14Z","200","a584444ad40ee1f1c6b5f84f6e2b40e7049c4d6c7d211d5814d3f8c777681f12","5037","iccra/byyear/ICCRA_1957.htm"
"https://iccra.org/byyear/ICCRA_1964.htm","2026-07-21T06:41:14Z","200","dc1d564f2643ae4069577933927b1449339dc38e02ce5373ed9be53930bbf40a","5730","iccra/byyear/ICCRA_1964.htm"
"https://iccra.org/byyear/ICCRA_1965.htm","2026-07-21T06:41:14Z","200","b89706b98db4953509bf26917e328078c0f6072949136879860fdcc56f614f9f","7051","iccra/byyear/ICCRA_1965.htm"
"https://iccra.org/byyear/ICCRA_1966.htm","2026-07-21T06:41:14Z","200","60c4965fc81b2b4b624f9d6e39ab51436944d587446f2e5864de6464fda52e50","5946","iccra/byyear/ICCRA_1966.htm"
"https://iccra.org/byyear/ICCRA_1967.htm","2026-07-21T06:41:14Z","200","75818125115c95bd84138f391cf3bf32e5f9a0651279b6f9fb381ca243b20d03","6704","iccra/byyear/ICCRA_1967.htm"
"https://iccra.org/byyear/ICCRA_1968.htm","2026-07-21T06:41:14Z","200","895e01a1b2ad8a33ccec639f6ad6d2407a2ca0a5f060c8b1226510e484e61878","5529","iccra/byyear/ICCRA_1968.htm"
"https://iccra.org/byyear/ICCRA_1969.htm","2026-07-21T06:41:14Z","200","391c4746b0509b70d92bc579e9261ae5d4aa7a5a68591de9e716be96171d1570","4844","iccra/byyear/ICCRA_1969.htm"
"https://iccra.org/byyear/ICCRA_1970.htm","2026-07-21T06:41:14Z","200","c033799504326ac5737a8721aa4f206ba14cbb98ee566f8ebc8343613e66a0d3","4350","iccra/byyear/ICCRA_1970.htm"
"https://iccra.org/byyear/ICCRA_1971.htm","2026-07-21T06:41:14Z","200","8a3965351f817c3792df86f9d3f45cb03755ab46f6367bffc1c88a9b34b549d0","4589","iccra/byyear/ICCRA_1971.htm"
"https://iccra.org/byyear/ICCRA_1972.htm","2026-07-21T06:41:14Z","200","809af6f307208cddbbc3ed951f2b5212f073b7e6a526a1edde64238b62213cbe","6526","iccra/byyear/ICCRA_1972.htm"
"https://iccra.org/byyear/ICCRA_1973.htm","2026-07-21T06:41:14Z","200","40f4b8b2e86173170bc54b54a7d5525dc3a4f5bd108be662a01b196d6b9f62fc","7321","iccra/byyear/ICCRA_1973.htm"
"https://iccra.org/byyear/ICCRA_1974.htm","2026-07-21T06:41:14Z","200","60521cdca2466d790883ca9c7a37b1b4c2c864d483a1f197d61bc0a41ab95d2e","4593","iccra/byyear/ICCRA_1974.htm"
"https://iccra.org/byyear/ICCRA_1975.htm","2026-07-21T06:41:14Z","200","07189e0c75807f8ded2df5b99a378c61880dc76f97b3c2c6cd52bc4d521fb89d","6875","iccra/byyear/ICCRA_1975.htm"
"https://iccra.org/byyear/ICCRA_1976.htm","2026-07-21T06:41:14Z","200","d83be7db8a9fc848da5ebf302f2eff47830599e1521a7f9f8bfb3fba927069c4","4275","iccra/byyear/ICCRA_1976.htm"
"https://iccra.org/byyear/ICCRA_1977.htm","2026-07-21T06:41:14Z","200","4a571fe21c2df21b098b7d949f57212c2608bfb7e2604fa62b4c32f57366ff04","4815","iccra/byyear/ICCRA_1977.htm"
"https://iccra.org/byyear/ICCRA_1978.htm","2026-07-21T06:41:14Z","200","d4f880cf9a713fba7810f673b1ba467131d6a06c4f4490f4c860be739a179611","5046","iccra/byyear/ICCRA_1978.htm"
"https://iccra.org/byyear/ICCRA_1979.htm","2026-07-21T06:41:14Z","200","aa6ea14588115b5c546c990ba4a20492b0a52436dec9022e014b0a2ff4d527b0","4686","iccra/byyear/ICCRA_1979.htm"
"https://iccra.org/byyear/ICCRA_1980.htm","2026-07-21T06:41:14Z","200","75fdf8b84972539f2d21322eb937010130ba80f9e3da86897184af35116ff3e1","4320","iccra/byyear/ICCRA_1980.htm"
"https://iccra.org/byyear/ICCRA_1981.htm","2026-07-21T06:41:14Z","200","be8a9afe0e8b4f94b2dbf7a0640afd58282e83986be9e075312bcf38687dfc6c","4084","iccra/byyear/ICCRA_1981.htm"
"https://iccra.org/byyear/ICCRA_1985.htm","2026-07-21T06:41:14Z","200","9b649f85a58e0682f328b376f6fb0ef2fa2ce10bd03dfb9dbcbde2a7e8adff55","5092","iccra/byyear/ICCRA_1985.htm"
"https://iccra.org/byyear/ICCRA_1986.htm","2026-07-21T06:41:14Z","200","40f367a8a2257bf7a39d2e2f5445706a6f6a55a71b20494b6bb1900c6cd8b672","4356","iccra/byyear/ICCRA_1986.htm"
"https://iccra.org/byyear/ICCRA_1987.htm","2026-07-21T06:41:14Z","200","664e1327c1e03333d33e53ecb2df57cb9dd5393072ae7daff2cd295e3fc45216","4997","iccra/byyear/ICCRA_1987.htm"
"https://iccra.org/byyear/ICCRA_1988.htm","2026-07-21T06:41:14Z","200","40d1cfa7d697cfe53fb5c58e5f5d8624e27887e5818306ee1bf3f68e0235a120","5016","iccra/byyear/ICCRA_1988.htm"
"https://iccra.org/byyear/ICCRA_1989.htm","2026-07-21T06:41:14Z","200","6fad09c800ae2a618e8b715f2687702219a51e476bbcc270273f389b53782670","6795","iccra/byyear/ICCRA_1989.htm"
"https://iccra.org/byyear/ICCRA_1990.htm","2026-07-21T06:41:14Z","200","eb61b641e02f860ecf8e07720a2056ff91d3400ba87f22d2c894a5c5ce94b704","10344","iccra/byyear/ICCRA_1990.htm"
"https://iccra.org/byyear/ICCRA_1991.htm","2026-07-21T06:41:14Z","200","906d836f79a254efb9f38a14075107bc6092f49ee262c3ce4a203bd0e3c011f5","7539","iccra/byyear/ICCRA_1991.htm"
"https://iccra.org/byyear/ICCRA_1992.htm","2026-07-21T06:41:14Z","200","d0ba47bd64536bcd503da45cbb6735376f522035175d4e7d08175525d1f4bd6d","8736","iccra/byyear/ICCRA_1992.htm"
"https://iccra.org/byyear/ICCRA_1993.html","2026-07-21T06:41:14Z","200","a1701b7352a1ae8e4e9bc507ff2fde389dde36ea8fb85bc577c8b071df4b49de","8414","iccra/byyear/ICCRA_1993.html"
"https://iccra.org/byyear/ICCRA_1994.html","2026-07-21T06:41:14Z","200","f13a84e3616a725ece9e90e8e309c559cc821bdf1a2ae3179dcd601831692380","10676","iccra/byyear/ICCRA_1994.html"
"https://iccra.org/byyear/ICCRA_1995.html","2026-07-21T06:41:14Z","200","248a3a971b0c22e06420492c05aaf187cf25682498525e444fc8667ee66760d5","9441","iccra/byyear/ICCRA_1995.html"
"https://iccra.org/byyear/ICCRA_1996.html","2026-07-21T06:41:14Z","200","68bd08e75f8c22033e419ed6c155ab7e599f03885047fc572e91c592ab0eb5a9","11539","iccra/byyear/ICCRA_1996.html"
"https://iccra.org/byyear/ICCRA_1997.html","2026-07-21T06:41:14Z","200","8b8c0a35af5aeaab6e291268af06efdf13b68f96a7fce295f050d34362d642bc","9674","iccra/byyear/ICCRA_1997.html"
"https://iccra.org/byyear/ICCRA_1998.html","2026-07-21T06:41:14Z","200","8f8d9ee866add6dc21eeb72a81a2b4100b93c88cb1d3aa1a8d545ad2af8061ab","9727","iccra/byyear/ICCRA_1998.html"
"https://iccra.org/byyear/ICCRA_1999.html","2026-07-21T06:41:14Z","200","a29243d3cafdb50d0e95d47b1688d77790d877438a80070817cb1eb7840c16b8","6872","iccra/byyear/ICCRA_1999.html"
"https://iccra.org/byyear/ICCRA_2000.html","2026-07-21T06:41:14Z","200","3073ba6afdc7e787e4cbe2c6f723170863bdb71f6cec4303396692162be4b477","8660","iccra/byyear/ICCRA_2000.html"
"https://iccra.org/byyear/ICCRA_2001.html","2026-07-21T06:41:14Z","200","5551bbb4432bbd8d78ccff568c5480b671a7a2ba6ca2023051005a0d947858f4","6635","iccra/byyear/ICCRA_2001.html"
"https://iccra.org/byyear/ICCRA_2002.html","2026-07-21T06:41:14Z","200","46e5913e7024b73e70717f6a6537a2a5bf5b251f0a2378d50ecd54d268d20087","9371","iccra/byyear/ICCRA_2002.html"
"https://iccra.org/byyear/ICCRA_2003.html","2026-07-21T06:41:14Z","200","60576d122224dd496c3dbb577c559b48adc9240c03a91b0b539f485def225de2","13774","iccra/byyear/ICCRA_2003.html"
"https://iccra.org/byyear/ICCRA_2004.html","2026-07-21T06:41:14Z","200","bb58ce83c37708fee3667ce59f507010bb1a6e91780498d44c715f7ba90fd979","12024","iccra/byyear/ICCRA_2004.html"
"https://iccra.org/byyear/ICCRA_2005.html","2026-07-21T06:41:14Z","200","2784b65fda7d04d32d5b5a6aa41f5b7e6e2ab74ec22191efda125a59238f9249","10298","iccra/byyear/ICCRA_2005.html"
"https://iccra.org/byyear/usaformations-byyear.htm","2026-07-21T06:41:14Z","200","4bdbc3e86d92783e8262df8ecb87e03153868d77e2d590a32205ff70424b0135","24735","iccra/usaformations-byyear.htm"
"https://iccra.org/reports.htm","2026-07-21T06:41:14Z","200","d3f2877273c9f6608dd81f5a57d5b49ffb60f41e9c9a31b41a10e0c67abfade4","16125","iccra/reports.htm"
"https://www.cropcirclecenter.com/","2026-07-21T06:41:14Z","200","3cb4515a5afaa859184e3abf31f58bd2e6f135d0cf808713123bb26ee72779bd","47169","cropcirclecenter/index.html"
"https://www.cropcirclecenter.com/date/2010/201002.html","2026-07-21T06:41:14Z","200","5458bc137803f2d60569097da1654454bd608230e5e15e8cf2b29f995b7510bb","12174","cropcirclecenter/date/2010/201002.html"
"https://www.cropcirclecenter.com/date/2010/201003.html","2026-07-21T06:41:14Z","200","ec5f2ec02206f36efc69c54f555bb82a659e9ee29e99cdea4c0c35f8174a4bdd","12289","cropcirclecenter/date/2010/201003.html"
"https://www.cropcirclecenter.com/date/2010/201004.html","2026-07-21T06:41:14Z","200","c7277bf01d8fa60d922381623ae2ee146dcf38834cd651daeb2b51934bb2ead5","12169","cropcirclecenter/date/2010/201004.html"
"https://www.cropcirclecenter.com/date/2010/201005.html","2026-07-21T06:41:14Z","200","b6f94c9a453179b6ffe727dd0f4a47c508c03b7bcbcc39681e31f9845dbc0305","61331","cropcirclecenter/date/2010/201005.html"
"https://www.cropcirclecenter.com/date/2010/201006.html","2026-07-21T06:41:14Z","200","368fe35473368debd90daa4c877a4c827bd3eb74c6ace986ab2124f5abecb410","107182","cropcirclecenter/date/2010/201006.html"
"https://www.cropcirclecenter.com/date/2010/201007.html","2026-07-21T06:41:14Z","200","48634fde7f377c7d68e79a0d8add9b546398fa9c29cc5f8c4ad4d9a041680c2c","124537","cropcirclecenter/date/2010/201007.html"
"https://www.cropcirclecenter.com/date/2010/201008.html","2026-07-21T06:41:14Z","200","4f32a4897d094bc1ba4c31048f786cb8f08decb2893c5b8521835670b880de25","84392","cropcirclecenter/date/2010/201008.html"
"https://www.cropcirclecenter.com/date/2010/201009.html","2026-07-21T06:41:14Z","200","a0975383b12b261b86f1fc68d49f3ad25225c4ad8ccdfc9276d17029575cb580","17756","cropcirclecenter/date/2010/201009.html"
"https://www.cropcirclecenter.com/date/2010/201010.html","2026-07-21T06:41:14Z","200","ae0d30bb56f931f72681db6b36d4064e587822e4434a2078c7b27dd19105bf14","14008","cropcirclecenter/date/2010/201010.html"
"https://www.cropcirclecenter.com/date/2011/201101.html","2026-07-21T06:41:14Z","200","47573548add6f7841bca4c9e470bed1d07b9bfd8d4c76ae365c2604ab37e04f4","16105","cropcirclecenter/date/2011/201101.html"
"https://www.cropcirclecenter.com/date/2011/201103.html","2026-07-21T06:41:14Z","200","67b74daaf4feba46951047c5fc7d88335f08fd258b9938be1559f7d8680fbe5b","12514","cropcirclecenter/date/2011/201103.html"
"https://www.cropcirclecenter.com/date/2011/201104.html","2026-07-21T06:41:14Z","200","3b8cc0d6f43154fd6d68426a070403235f33474ea5ff0471cb8a947a4011b024","20250","cropcirclecenter/date/2011/201104.html"
"https://www.cropcirclecenter.com/date/2011/201105.html","2026-07-21T06:41:14Z","200","d29b6439f82e04606e03e65af178859984869ec828653c4f038424dc86bf9c3e","58638","cropcirclecenter/date/2011/201105.html"
"https://www.cropcirclecenter.com/date/2011/201106.html","2026-07-21T06:41:14Z","200","f3cc9bd9adcfcc745290e6ff7c7f69a38df01dd9a1c2da6eff7458d33a39e92a","82496","cropcirclecenter/date/2011/201106.html"
"https://www.cropcirclecenter.com/date/2011/201107.html","2026-07-21T06:41:14Z","200","dd6919c5abd221d1b230bda8257c84eea21330779e809898d3f71b46f1bac26c","114733","cropcirclecenter/date/2011/201107.html"
"https://www.cropcirclecenter.com/date/2011/201108.html","2026-07-21T06:41:14Z","200","679d89ee048e5d76871d61373a7d537a71ab404b80a047e9b6fea67d8019b264","44959","cropcirclecenter/date/2011/201108.html"
"https://www.cropcirclecenter.com/date/2011/201110.html","2026-07-21T06:41:14Z","200","6b3c51dd62501d985e7a6b2b0996f0f5126b119ef43ea3d61c8d880e4c41a72c","16124","cropcirclecenter/date/2011/201110.html"
"https://www.cropcirclecenter.com/date/2011/201111.html","2026-07-21T06:41:14Z","200","85b15a33088744cebf3947870196bb32fbb5fac3b291e771128629b065bed901","17859","cropcirclecenter/date/2011/201111.html"
"https://www.cropcirclecenter.com/date/2011/201112.html","2026-07-21T06:41:14Z","200","a4e4a6fd0cc4446a0922525fcba8b34cb4fdf59ec2c753d1ecaf09e196e4b731","12393","cropcirclecenter/date/2011/201112.html"
"https://www.cropcirclecenter.com/date/2012/201203.html","2026-07-21T06:41:14Z","200","a8cfaa524841fe2545623c97930ab51d4aba2138ab33488a95e6a49139b4d8a0","12428","cropcirclecenter/date/2012/201203.html"
"https://www.cropcirclecenter.com/date/2012/201204.html","2026-07-21T06:41:14Z","200","3f5b4ff6ea1b4e0cd353360f0d5e6af3dfc916041ee1db7100b01233fe2ac950","20607","cropcirclecenter/date/2012/201204.html"
"https://www.cropcirclecenter.com/date/2012/201205.html","2026-07-21T06:41:14Z","200","2ba43c52cd59b6557309c8740b1578c62b1641c3ea683795aab105f89330c9e1","39316","cropcirclecenter/date/2012/201205.html"
"https://www.cropcirclecenter.com/date/2012/201206.html","2026-07-21T06:41:14Z","200","4a048f8d361be146861000f352bb80e47eaf9d28b66beb1b7f21e599d5e1202a","85941","cropcirclecenter/date/2012/201206.html"
"https://www.cropcirclecenter.com/date/2012/201207.html","2026-07-21T06:41:14Z","200","2dc9e7c641b6fa4e901e6d4a7b5008923c4ad7b00af2db71e7919b2b7600c0ce","141945","cropcirclecenter/date/2012/201207.html"
"https://www.cropcirclecenter.com/date/2012/201208.html","2026-07-21T06:41:14Z","200","d55ed0886d82043bb5cf7b59799f9ff4ad19607d28d6eb39d30cba6439dc1463","73140","cropcirclecenter/date/2012/201208.html"
"https://www.cropcirclecenter.com/date/2012/201209.html","2026-07-21T06:41:14Z","200","0c798e4512f9fcca86850489cba92395bea5684601feabf28b72348bede442a7","21839","cropcirclecenter/date/2012/201209.html"
"https://www.cropcirclecenter.com/date/2012/201210.html","2026-07-21T06:41:14Z","200","2e7baa7db3ddee39db8bb104788d64e35bc626c48eba74a6a88c2cd624c0dd32","16224","cropcirclecenter/date/2012/201210.html"
"https://www.cropcirclecenter.com/date/2012/201211.html","2026-07-21T06:41:14Z","200","d367f17dedd9373adfe1d373143595ebb83f0792df2a576219de7d0abaebc334","14423","cropcirclecenter/date/2012/201211.html"
"https://www.cropcirclecenter.com/date/2013/201303.html","2026-07-21T06:41:14Z","200","ce0e0ef3239c08ab2ce4e8cd750b291993585c8849fad6ad3418985d2ce53b10","12486","cropcirclecenter/date/2013/201303.html"
"https://www.cropcirclecenter.com/date/2013/201305.html","2026-07-21T06:41:14Z","200","7caff0de897ac7143ea1e49d204b1bc90147b1dc356c734311c89c3b97661496","23788","cropcirclecenter/date/2013/201305.html"
"https://www.cropcirclecenter.com/date/2013/201306.html","2026-07-21T06:41:14Z","200","8b0e4b68343cdbe6dc5340abb2471eb58eced2ef6f42dde071bac790422e0bfd","62435","cropcirclecenter/date/2013/201306.html"
"https://www.cropcirclecenter.com/date/2013/201307.html","2026-07-21T06:41:14Z","200","d5204c6729f4449c9025b91a6004d9deecb23de571eccd763f01bf0145a78893","98875","cropcirclecenter/date/2013/201307.html"
"https://www.cropcirclecenter.com/date/2013/201308.html","2026-07-21T06:41:14Z","200","e3c8e8cec664817691c24c088f12159e01dd7a0699ba38d068d43c805da2b2cb","67884","cropcirclecenter/date/2013/201308.html"
"https://www.cropcirclecenter.com/date/2013/201309.html","2026-07-21T06:41:14Z","200","e868e86bb4a001b10d2e5ee3fc0e346252d7c16d78de5e5126037653ec48394d","18392","cropcirclecenter/date/2013/201309.html"
"https://www.cropcirclecenter.com/date/2013/201311.html","2026-07-21T06:41:14Z","200","96e3cb28ad4e24cc15997fa61925df488b5c58e2d734d865118ab19bc50845be","17793","cropcirclecenter/date/2013/201311.html"
"https://www.cropcirclecenter.com/date/2013/201312.html","2026-07-21T06:41:14Z","200","e627c4ea2a575d6b6ac73522cfd3d70fc158d9a2a3426f9aa1aa2429ab0e728c","14255","cropcirclecenter/date/2013/201312.html"
"https://www.cropcirclecenter.com/date/2014/201401.html","2026-07-21T06:41:14Z","200","9ec731d6bf23f69f7fc5bd4ab9bcc3d2e5ac17e044eac99a0a3a815db1234b1c","12503","cropcirclecenter/date/2014/201401.html"
"https://www.cropcirclecenter.com/date/2014/201403.html","2026-07-21T06:41:14Z","200","e5b58ec2c7ccea5be4ce27522470f49a1720ea00bfd5a313fb6a128a85123e82","12394","cropcirclecenter/date/2014/201403.html"
"https://www.cropcirclecenter.com/date/2014/201404.html","2026-07-21T06:41:14Z","200","65f64595d92f105c867f6a470b13aee17995541dd208ae91ed1954c2aacfa9af","19493","cropcirclecenter/date/2014/201404.html"
"https://www.cropcirclecenter.com/date/2014/201405.html","2026-07-21T06:41:14Z","200","5b25a21591123e043c9c6a5d95bb8f790f3cd5df1fad6d68c1dd7a249b87f738","19289","cropcirclecenter/date/2014/201405.html"
"https://www.cropcirclecenter.com/date/2014/201406.html","2026-07-21T06:41:14Z","200","b43f9bca51f7bb5ecf9ed5f28f37bc252d51d97edeeb94c014328cd5bada057d","82027","cropcirclecenter/date/2014/201406.html"
"https://www.cropcirclecenter.com/date/2014/201407.html","2026-07-21T06:41:14Z","200","687d53161782b1be3537987ca1263930e8972b8d26fb87ec22fe4296aa6aee48","94522","cropcirclecenter/date/2014/201407.html"
"https://www.cropcirclecenter.com/date/2014/201408.html","2026-07-21T06:41:14Z","200","e9cd8933d73a0db52e1f00bf68a6643c1ea6cf251663b638b86b7f9d97bfeb83","46210","cropcirclecenter/date/2014/201408.html"
"https://www.cropcirclecenter.com/date/2014/201409.html","2026-07-21T06:41:14Z","200","9b4ec7ccbdc2ca5a9c928429b9f2125a2b05e7a649a5a24c5cace34e527514ed","17587","cropcirclecenter/date/2014/201409.html"
"https://www.cropcirclecenter.com/date/2014/201410.html","2026-07-21T06:41:14Z","200","9792041c4cb6810e9d45a6088ad9285b8e4d5fd015736e3ed2ac5c68968edff8","21211","cropcirclecenter/date/2014/201410.html"
"https://www.cropcirclecenter.com/date/2014/201411.html","2026-07-21T06:41:14Z","200","a877f74fa40ed5aabb50778f73cf6aed918d1a29444165aa7a6153c71632cede","14080","cropcirclecenter/date/2014/201411.html"
"https://www.cropcirclecenter.com/date/2015/201501.html","2026-07-21T06:41:14Z","200","b18f2cab25e9206dd2f2a01f4810e03d4488b8a9fa875dc4111e82e766e1f96b","12319","cropcirclecenter/date/2015/201501.html"
"https://www.cropcirclecenter.com/date/2015/201503.html","2026-07-21T06:41:14Z","200","65ede20f3f6249a1a5fc234d293808bf2633ec5990a84c630c309f1130de9992","12426","cropcirclecenter/date/2015/201503.html"
"https://www.cropcirclecenter.com/date/2015/201504.html","2026-07-21T06:41:14Z","200","b6ef1babc3c813cd31807410a6112f79e1c578472cba2cfcee9691483201288e","15987","cropcirclecenter/date/2015/201504.html"
"https://www.cropcirclecenter.com/date/2015/201505.html","2026-07-21T06:41:14Z","200","702c87d09c55ebd7169b9ce64a123162090bfe78ddcfe03e5d0911135a4240cc","33225","cropcirclecenter/date/2015/201505.html"
"https://www.cropcirclecenter.com/date/2015/201506.html","2026-07-21T06:41:14Z","200","43f4739608469a9f90098e1cd0956b41a607719162a5d02ef5b98172363121dc","71119","cropcirclecenter/date/2015/201506.html"
"https://www.cropcirclecenter.com/date/2015/201507.html","2026-07-21T06:41:14Z","200","66d5db0c1931a5613c74dc325c532bd5a9139970382288abbab4614802f4e450","82002","cropcirclecenter/date/2015/201507.html"
"https://www.cropcirclecenter.com/date/2015/201508.html","2026-07-21T06:41:14Z","200","7076af70950174ca4caa9971213f442ae37997faff70ac348a5ca50cc32077ce","26178","cropcirclecenter/date/2015/201508.html"
"https://www.cropcirclecenter.com/date/2015/201509.html","2026-07-21T06:41:14Z","200","530cde7acf390c164babe998fc3cce6be6c00d96f00b3716030b072fac5c208b","14235","cropcirclecenter/date/2015/201509.html"
"https://www.cropcirclecenter.com/date/2015/201510.html","2026-07-21T06:41:14Z","200","72ac4f099e788f718df96686ece6a414cb4de607eb1bec25b7fd69ea4168e2a6","14113","cropcirclecenter/date/2015/201510.html"
"https://www.cropcirclecenter.com/date/2015/201511.html","2026-07-21T06:41:14Z","200","df92f3662366e6530bf8bcffe9ec92598cec7834ed47de628f5d1171542813ce","14112","cropcirclecenter/date/2015/201511.html"
"https://www.cropcirclecenter.com/date/2016/201604.html","2026-07-21T06:41:14Z","200","2e76c2ecea9654f8eb99c9a7d4a319a508beb25f42776774bc3327bc5b7789e3","12279","cropcirclecenter/date/2016/201604.html"
"https://www.cropcirclecenter.com/date/2016/201605.html","2026-07-21T06:41:14Z","200","f2ec00460212351e68ef9ea125dc60d8c845f26df94b8656e97c7b13b69f13e7","21190","cropcirclecenter/date/2016/201605.html"
"https://www.cropcirclecenter.com/date/2016/201606.html","2026-07-21T06:41:14Z","200","928948ea4de7223d2a1de9331bc82233bb2d6ebc7e6e01eb7e8f87006f4bec0a","44034","cropcirclecenter/date/2016/201606.html"
"https://www.cropcirclecenter.com/date/2016/201607.html","2026-07-21T06:41:14Z","200","9c6f501c45403cd7b53e0e91c5378013ceff55dec3b7b1a436de4f68858f82a0","78087","cropcirclecenter/date/2016/201607.html"
"https://www.cropcirclecenter.com/date/2016/201608.html","2026-07-21T06:41:14Z","200","a90ad59ee927449daa6192d869284795ee5895fa4f6ac0803018e670ea75c888","33706","cropcirclecenter/date/2016/201608.html"
"https://www.cropcirclecenter.com/date/2016/201609.html","2026-07-21T06:41:14Z","200","e47add2724f3b208be445e1db6edfc28dfddc4d6d7ffb8b388140908922cf3a5","14268","cropcirclecenter/date/2016/201609.html"
"https://www.cropcirclecenter.com/date/2016/201610.html","2026-07-21T06:41:14Z","200","c351f954e80173e53857461387460e01f85430ed7ab252e9595a4322072d804d","17746","cropcirclecenter/date/2016/201610.html"
"https://www.cropcirclecenter.com/date/2016/201611.html","2026-07-21T06:41:14Z","200","431b646aee7884964f37f181c62eeec5bf6081191a3b1d94760cd400acd55326","12241","cropcirclecenter/date/2016/201611.html"
"https://www.cropcirclecenter.com/date/2017/201703.html","2026-07-21T06:41:14Z","200","9dddce07ee53a9bb8b9f7d1583b9987dbe60c5dfb63e465c1a0ab426e6cc0a57","12378","cropcirclecenter/date/2017/201703.html"
"https://www.cropcirclecenter.com/date/2017/201704.html","2026-07-21T06:41:14Z","200","b836895c97476f779bc3e99d2a138437b94b142535cb465f8001704f35f5ece2","31900","cropcirclecenter/date/2017/201704.html"
"https://www.cropcirclecenter.com/date/2017/201705.html","2026-07-21T06:41:14Z","200","6d54df4f998d6368029dcc4c5bd27fe64683c14134602072a2ec643c79e76df3","37036","cropcirclecenter/date/2017/201705.html"
"https://www.cropcirclecenter.com/date/2017/201706.html","2026-07-21T06:41:14Z","200","8d12b7ff4485518e4755631a0fba03008e3d6c69b63fe536d95f00351454ce55","33372","cropcirclecenter/date/2017/201706.html"
"https://www.cropcirclecenter.com/date/2017/201707.html","2026-07-21T06:41:14Z","200","14311657f3d769c3208293418fd64b60ef0cde0f6d1274e77d1f9e87bc987892","37002","cropcirclecenter/date/2017/201707.html"
"https://www.cropcirclecenter.com/date/2017/201708.html","2026-07-21T06:41:14Z","200","929271fcc3857aaf6ce1024d4a9e8d17d36d4a4184ebc2c4d952219245f4ecab","19507","cropcirclecenter/date/2017/201708.html"
"https://www.cropcirclecenter.com/date/2017/201709.html","2026-07-21T06:41:14Z","200","b264aca97929cb4c7b1c3a1107d9aa01cc5d95bdfb7c1b0f7f2f291fe6158fe0","16005","cropcirclecenter/date/2017/201709.html"
"https://www.cropcirclecenter.com/date/2017/201710.html","2026-07-21T06:41:14Z","200","5536b6e090894fe8d22f8ea3f2f8991f63bd50c44f23c01f155e39d4e837d456","14147","cropcirclecenter/date/2017/201710.html"
"https://www.cropcirclecenter.com/date/2017/201711.html","2026-07-21T06:41:14Z","200","fb56802d5db0071cb1e10a35c97a0d8635876212ea6fa725200ef08204423002","12385","cropcirclecenter/date/2017/201711.html"
"https://www.cropcirclecenter.com/date/2018/201804.html","2026-07-21T06:41:14Z","200","74df229716aefc1dfb178581f755fb651a70d16bc8d7d4ed62cfbf0caf83c5d4","12357","cropcirclecenter/date/2018/201804.html"
"https://www.cropcirclecenter.com/date/2018/201805.html","2026-07-21T06:41:14Z","200","e5ee0872fbd20750f2596d652566cfb82fa32f79f4abaf0612373ff1a4afe036","17785","cropcirclecenter/date/2018/201805.html"
"https://www.cropcirclecenter.com/date/2018/201806.html","2026-07-21T06:41:14Z","200","48708b20d9eb8ebfb00d183ba353b901e58a47520f2753c5b09382948cf6031b","70269","cropcirclecenter/date/2018/201806.html"
"https://www.cropcirclecenter.com/date/2018/201807.html","2026-07-21T06:41:14Z","200","96a81382b16e940efbe3d9daef2ec1b67be48651a9ef7a7d7e73cb241bd18c09","62174","cropcirclecenter/date/2018/201807.html"
"https://www.cropcirclecenter.com/date/2018/201808.html","2026-07-21T06:41:14Z","200","95733d4defa1ce89c8c9529973fe2fa248cbe3027db8d4303dac1570a0c4c02e","25204","cropcirclecenter/date/2018/201808.html"
"https://www.cropcirclecenter.com/date/2018/201810.html","2026-07-21T06:41:14Z","200","4df4f15675bf4a0a18e65c06dd9b0d072cf5bb16373dad32be66fcfa73451522","14135","cropcirclecenter/date/2018/201810.html"
"https://www.cropcirclecenter.com/date/2019/201902.html","2026-07-21T06:41:14Z","200","fc4fdfcd38f00faabae7e3c898040f95eb996b227821cfee7eba58000664f36d","14050","cropcirclecenter/date/2019/201902.html"
"https://www.cropcirclecenter.com/date/2019/201904.html","2026-07-21T06:41:14Z","200","96d9cf3d08dcb3282d5757912609f08cb5c6fac1aebae46d7ab6e1c79e1802ba","14034","cropcirclecenter/date/2019/201904.html"
"https://www.cropcirclecenter.com/date/2019/201905.html","2026-07-21T06:41:14Z","200","c4f2c7fc397a060be177de5cd939b0826a6f61bfb0e1160bd9d12e2dbc66a216","22853","cropcirclecenter/date/2019/201905.html"
"https://www.cropcirclecenter.com/date/2019/201906.html","2026-07-21T06:41:14Z","200","31f58cacae366e0dee84b2f57883052000c4b96d84fcf82673dcecdfca598494","63532","cropcirclecenter/date/2019/201906.html"
"https://www.cropcirclecenter.com/date/2019/201907.html","2026-07-21T06:41:14Z","200","2d78b9a3a99fdf662ace727c69ca279f0d88161aac592c10a907e0b34fecdbb6","55033","cropcirclecenter/date/2019/201907.html"
"https://www.cropcirclecenter.com/date/2019/201908.html","2026-07-21T06:41:14Z","200","b6604974bc2ca76e0f32fbedefe9f17c8ba72819f60a68446653ec24c0e97e3c","19390","cropcirclecenter/date/2019/201908.html"
"https://www.cropcirclecenter.com/date/2019/201909.html","2026-07-21T06:41:14Z","200","2b6ee1ab6f913500619a9fde279e1972fb571f3687b4cb7d3cc24763c8ec9767","12380","cropcirclecenter/date/2019/201909.html"
"https://www.cropcirclecenter.com/date/2020/202005.html","2026-07-21T06:41:14Z","200","4acfdba3d4c2151ed7991d3ec4043dfb6ff42ca0d3c9294f3193d4f582f61e31","23103","cropcirclecenter/date/2020/202005.html"
"https://www.cropcirclecenter.com/date/2020/202006.html","2026-07-21T06:41:14Z","200","df27dbbb6900a8545bbfbcaab2eb24fdb92db12ab98f8cfc9852cd0004dfc782","36754","cropcirclecenter/date/2020/202006.html"
"https://www.cropcirclecenter.com/date/2020/202007.html","2026-07-21T06:41:14Z","200","ae8111903bee3aaa0cd65373cc5d070ca885536821e50c6bd189dae98edbbb5d","70306","cropcirclecenter/date/2020/202007.html"
"https://www.cropcirclecenter.com/date/2020/202008.html","2026-07-21T06:41:14Z","200","c7816bf254418ae73e5920a5f60a3d54ec0d68a1e4d9732f4b973fd2fe29764b","17539","cropcirclecenter/date/2020/202008.html"
"https://www.cropcirclecenter.com/date/2020/202009.html","2026-07-21T06:41:14Z","200","365df18a59470321cbff3dfa0daa49dc54199b19d639cdee8a36cfcf3e2e27cf","17575","cropcirclecenter/date/2020/202009.html"
"https://www.cropcirclecenter.com/date/2020/202010.html","2026-07-21T06:41:14Z","200","3d129ef076d6bd4fcb4ecf03370928a6dafc6abad3ab57d4f8fda8b26edcba16","13988","cropcirclecenter/date/2020/202010.html"
"https://www.cropcirclecenter.com/date/2021/202105.html","2026-07-21T06:41:14Z","200","a82da01984adf87bcc2a4c72b19403b1ee56f0a7f798e98335feca272ff4056b","17590","cropcirclecenter/date/2021/202105.html"
"https://www.cropcirclecenter.com/date/2021/202106.html","2026-07-21T06:41:14Z","200","c6f6a121f871687fd34d350f90c626d65ad4ee3e7b78a6536c49f2d0a0ec26d7","22634","cropcirclecenter/date/2021/202106.html"
"https://www.cropcirclecenter.com/date/2021/202107.html","2026-07-21T06:41:14Z","200","881da05a634a031b1163ba69811cb9d440213b8922e0d2109b48e86c8140ffd7","33868","cropcirclecenter/date/2021/202107.html"
"https://www.cropcirclecenter.com/date/2021/202108.html","2026-07-21T06:41:14Z","200","34ec815e575181ba6965c47abb499c8ca590217a1d7d3802a6a7f962cd5399d0","30338","cropcirclecenter/date/2021/202108.html"
"https://www.cropcirclecenter.com/date/2022/202204.html","2026-07-21T06:41:14Z","200","c3c017046d75f4652c4f2754ca590e09e9f196c0f0c17add65751d79e29dd84d","13899","cropcirclecenter/date/2022/202204.html"
"https://www.cropcirclecenter.com/date/2022/202205.html","2026-07-21T06:41:14Z","200","34ad96b2fddda801387c0e2060e433c670b933876fc739339862941721d131c6","13889","cropcirclecenter/date/2022/202205.html"
"https://www.cropcirclecenter.com/date/2022/202206.html","2026-07-21T06:41:14Z","200","4b781052afd28ef41a34a6fc54dd07b792bb7025814ab81e898806a66f3e0483","17409","cropcirclecenter/date/2022/202206.html"
"https://www.cropcirclecenter.com/date/2022/202207.html","2026-07-21T06:41:14Z","200","06d3fb1a9f04021fdbbcf9c68c0667719f1fa838c7e1d5a1c52f43f9a57f98ba","24727","cropcirclecenter/date/2022/202207.html"
"https://www.cropcirclecenter.com/date/2022/202208.html","2026-07-21T06:41:14Z","200","a840e7cdd803b4886206bcde2d9a5a7302aaff9aaa5c6763bfacd0024330778c","15651","cropcirclecenter/date/2022/202208.html"
"https://www.cropcirclecenter.com/date/2022/202210.html","2026-07-21T06:41:14Z","200","474495526ef21174e59587871c166c48674a42738314b6d17d25a7ece8593a4a","12098","cropcirclecenter/date/2022/202210.html"
"https://www.cropcirclecenter.com/date/2023/202305.html","2026-07-21T06:41:14Z","200","096a4208da1f491c3629110682bf041c7d484233bd858af756ec3af058c4c2d0","14071","cropcirclecenter/date/2023/202305.html"
"https://www.cropcirclecenter.com/date/2023/202306.html","2026-07-21T06:41:14Z","200","b0958d42c4599f1555c755acf2bd983f81823fa87fae6859a501ef48289550fa","29393","cropcirclecenter/date/2023/202306.html"
"https://www.cropcirclecenter.com/date/2023/202307.html","2026-07-21T06:41:14Z","200","ebbd311b3317c18f8d6a6c23dd1a153271c33e3cfaa3802ed0b8e887b276be7c","30348","cropcirclecenter/date/2023/202307.html"
"https://www.cropcirclecenter.com/date/2023/202308.html","2026-07-21T06:41:14Z","200","2739bce15ccfe7fe0372daa63eb283f51d551473e4e25b61993e998538bf220a","20104","cropcirclecenter/date/2023/202308.html"
"https://www.cropcirclecenter.com/date/2024/202402.html","2026-07-21T06:41:14Z","200","023821440df58fa4a28a0aa48e9576b5fd2be70633ea278bdb549ce6bd84efef","12142","cropcirclecenter/date/2024/202402.html"
"https://www.cropcirclecenter.com/date/2024/202406.html","2026-07-21T06:41:14Z","200","87be171a4c8affb7423044f7d3b346256529b7b265aead3e595eec96c289350a","22688","cropcirclecenter/date/2024/202406.html"
"https://www.cropcirclecenter.com/date/2024/202407.html","2026-07-21T06:41:14Z","200","f8cd12585d994c9739afdb52080a92c183100803b2138150a93250d94c6d9cd1","18009","cropcirclecenter/date/2024/202407.html"
"https://www.cropcirclecenter.com/date/2024/202408.html","2026-07-21T06:41:14Z","200","8e3f1ab60600051567e4e6fda0f0c19334f0f4469835c0bc0ea8807a23705e57","13539","cropcirclecenter/date/2024/202408.html"
"https://www.cropcirclecenter.com/date/2024/202410.html","2026-07-21T06:41:14Z","200","f7d47b74601c5ced8d3f61448c3908e477c12ec535ca917ac84d6aa14b2a4309","12135","cropcirclecenter/date/2024/202410.html"
"https://www.cropcirclecenter.com/date/2025/202504.html","2026-07-21T06:41:14Z","200","ddbbcd3aee0ec551a347895d37400d8c068b02091a70d396466e343d6c680f5d","12238","cropcirclecenter/date/2025/202504.html"
"https://www.cropcirclecenter.com/date/2025/202505.html","2026-07-21T06:41:14Z","200","10e34fb02f7643b78649068cfcc2bdef45454c9569425a16f17d991a76c7fbe7","13857","cropcirclecenter/date/2025/202505.html"
"https://www.cropcirclecenter.com/date/2025/202506.html","2026-07-21T06:41:14Z","200","ddb74edba7656977498af4e3b36a2e36de83ab490965c9f4a1a41634da0e06aa","25231","cropcirclecenter/date/2025/202506.html"
"https://www.cropcirclecenter.com/date/2025/202507.html","2026-07-21T06:41:14Z","200","06566813b962a032deac0d1cd62095fcbc1f25f365e6cc1f5a3e285566dddf2e","18735","cropcirclecenter/date/2025/202507.html"
"https://www.cropcirclecenter.com/date/2025/202511.html","2026-07-21T06:41:14Z","200","8bbf12b39f5473264e406f32a994d1eb4d4a3fd9882d799b265ffe4d7f88e7d3","12205","cropcirclecenter/date/2025/202511.html"
"https://www.cropcirclecenter.com/date/2026/202604.html","2026-07-21T06:41:14Z","200","11933812b8d7145590a4d8e135b3f938bb6198ec9340cc9da1b20aaf88064fb3","16027","cropcirclecenter/date/2026/202604.html"
"https://www.cropcirclecenter.com/date/2026/202605.html","2026-07-21T06:41:14Z","200","cd070f4ed426a6e0a11484656fcd062dc5cc26dd95d0be9cd210b7fb58f656ce","19952","cropcirclecenter/date/2026/202605.html"
"https://www.cropcirclecenter.com/date/2026/202606.html","2026-07-21T06:41:14Z","200","c5b85a479d3be6f46c5ffba2cc426974cbe5f750ffeefb58c36efe72fce07179","22286","cropcirclecenter/date/2026/202606.html"
"https://www.cropcirclecenter.com/date/2026/202607.html","2026-07-21T06:41:14Z","200","3e26fc7e03678ab4cf020b063e88763595148303ad94201a183b726e565f7699","28755","cropcirclecenter/date/2026/202607.html"
"https://www.cropcircleconnector.com/anasazi/ImageUsePolicy2004.html","2026-07-21T06:41:14Z","200","22cff2cea8310ef7a6c9a3567f21f249d9f2f94828f9febebdf2405fa54d4b3c","25257","connector/image-use-policy.html"
"https://www.dcca.nl/dcca.htm","2026-07-21T06:41:14Z","200","c7e0f3ac9e21649a3391635b075c97de28591865796982f29ccc8c03b22c053e","6905","discovery/dcca.html"
"https://www.ufobc.ca/Supernatural/Cropcircles/cccrnnews.htm","2026-07-21T06:41:14Z","200","9723ca23743e4a71ebb529cf69a3781049666fd1cbf2f37a4bcd03d2577b995b","11823","discovery/cccrn-news.html"
"https://www.vigay.com/cropcircles/articles/index.html","2026-07-21T06:41:14Z","200","209db5a0c4a25872dff590e4b6c4be226679458d29e6245e2c48eb9a88cc4c6c","36973","discovery/vigay-articles.html"
